Date Published,Status,Aircraft,Travel Type,Travel Class,Route,Date Flown,Seating Comfort,Staff Service,Food Quality,Entertainment,WiFi,Ground Service,Value for Money,Recommended,Country,New Overall Rating
8/12/24,Trip Verified,Boeing 777,Solo Leisure,Business Class,Dubai to Lisbon,24-Aug,5,5,5,5,5,5,5,yes,United Arab Emirates,5
7/29/24,Not Verified,Boeing 777-300,Solo Leisure,Economy Class,Amsterdam to Phuket via Dubai,24-Jun,2,1,4,2,3,3,2,no,Netherlands,3
7/13/24,Not Verified,A380,Family Leisure,Economy Class,Bangkok to Hong Kong,23-Aug,5,5,5,5,4,5,5,yes,Hong Kong,5
6/20/24,Not Verified,777-300ER / A380-800,Family Leisure,Economy Class,Delhi to Washington via Dubai,24-Jun,5,5,5,5,3,5,4,yes,United States,5
5/26/24,Trip Verified,B777-300ER,Solo Leisure,Economy Class,Tokyo to Israel via Dubai,24-May,3,2,1,2,2,1,1,no,Israel,1
4/28/24,Trip Verified,A380,Business,Business Class,Dubai to Barcelona,24-Apr,1,5,2,2,1,2,2,no,Saudi Arabia,3
4/20/24,Not Verified,A380,Business,Business Class,Paris to Dubai,24-Apr,4,5,5,5,5,1,1,no,United Arab Emirates,2
2/28/24,Trip Verified,A380,Solo Leisure,First Class,San Francisco to Hyderabad via Dubai ,24-Feb,4,4,3,5,3,1,1,no,United States,1
2/12/24,Not Verified,A380,Solo Leisure,Economy Class,Milan to Bangkok via Dubai,24-Feb,1,4,3,4,1,2,2,no,Italy,1
2/11/24,Not Verified,Boeing 777,Solo Leisure,Economy Class,Dubai to Cape Town,24-Feb,3,4,4,4,4,4,4,yes,United Kingdom,4
1/19/24,Trip Verified,777 A380,Solo Leisure,Business Class,Johannesburg to Dallas via Dubai,24-Jan,5,5,5,5,5,5,5,yes,South Africa,5
1/8/24,Trip Verified,A380,Solo Leisure,Economy Class,Auckland to Cape Town via Dubai ,23-Dec,2,2,2,2,1,3,2,no,New Zealand,2
12/25/23,Trip Verified,Boeing 777-200,Solo Leisure,Economy Class,Montreal to Kuala Lumpur via Dubai,23-Dec,1,1,1,3,2,3,1,no,Canada,1
12/12/23,Trip Verified,A380,Business,Business Class,Toronto to Dubai,23-Dec,3,5,4,4,4,5,4,yes,Canada,5
11/28/23,Not Verified,A380,Family Leisure,Economy Class,Sydney to Birmingham ,23-Nov,1,2,5,5,4,4,1,no,United Kingdom,1
11/9/23,Trip Verified,A380,Solo Leisure,First Class,Christchurch to Sydney,23-Nov,5,5,5,5,4,5,5,yes,United States,5
11/9/23,Trip Verified,A380,Couple Leisure,Economy Class,Brisbane to Manchester via Dubai,23-Oct,4,4,3,3,3,4,3,yes,Australia,4
9/19/23,Not Verified,A380,Family Leisure,Business Class,Dubai to Bali,23-Sep,4,2,3,5,5,5,4,yes,India,4
9/15/23,Trip Verified,A380,Couple Leisure,Economy Class,Dubai to Birmingham,23-Sep,1,1,1,1,1,1,1,no,United Kingdom,1
9/11/23,Trip Verified,Boeing 777-300,Family Leisure,Economy Class,Maun to Dubai via Johannesburg,23-Aug,3,4,4,5,3,1,3,no,Italy,2
8/27/23,Trip Verified,A380,Family Leisure,Economy Class,Mauritius to Glasgow via Dubai,23-Aug,1,1,1,1,1,1,1,no,United Kingdom,1
8/16/23,Trip Verified,Boeing 777 & A380,Solo Leisure,Economy Class,Durban to London Gatwick via Dubai ,23-Aug,2,2,2,2,1,1,2,no,United Kingdom,1
7/30/23,Trip Verified,Boeing 777,Business,Economy Class,Dubai to Jakarta,23-Jul,2,3,1,4,4,1,3,no,United Arab Emirates,2
7/16/23,Trip Verified,A380-800,Family Leisure,Economy Class,New York to Milan,22-Nov,1,1,1,1,1,1,1,no,United States,1
6/25/23,Trip Verified,Boeing 777,Solo Leisure,Economy Class,Dubai to Colombo,23-Jun,4,5,4,4,1,3,4,yes,Sri Lanka,5
6/24/23,Trip Verified,Boeing 777,Business,Economy Class,Birmingham to Dubai,23-Jun,3,5,5,5,5,5,3,yes,United Arab Emirates,5
6/17/23,Trip Verified,A380,Business,Business Class,Glasgow to Dubai,23-May,4,2,2,4,3,3,2,no,United Kingdom,2
6/6/23,Trip Verified,Boeing 777-300 / A380,Solo Leisure,Economy Class,Birmingham to Auckland via Dubai,23-Jun,4,5,5,5,5,4,4,yes,New Zealand,5
5/29/23,Trip Verified,Boeing 777,Business,Economy Class,Lisbon to Dubai,23-May,3,5,4,5,4,4,4,yes,Portugal,4
5/27/23,Trip Verified,Boeing 777 / A380,Business,First Class,Hamburg to Bangkok via Dubai,23-May,5,5,5,5,5,5,5,yes,Germany,5
5/18/23,Trip Verified,Boeing 777,Solo Leisure,Economy Class,Amsterdam to Durban via Dubai,23-May,1,3,1,4,1,1,1,no,South Africa,1
5/15/23,Not Verified,A380,Business,Economy Class,Dubai to Paris,23-May,3,2,2,2,5,1,2,no,Australia,3
5/13/23,Trip Verified,Boeing 777,Couple Leisure,Economy Class,London to Phuket via Dubai,23-May,1,1,1,1,1,3,2,no,United Kingdom,1
4/24/23,Trip Verified,A380,Couple Leisure,Business Class,Seoul to Seychelles via Dubai,23-Apr,4,4,5,5,3,5,5,yes,South Korea,5
4/24/23,Trip Verified,A380,Couple Leisure,Business Class,Dubai to Seoul,23-Apr,4,2,5,5,3,5,4,no,South Korea,3
4/24/23,Trip Verified,A380,Couple Leisure,Business Class,Mauritius to Dubai,23-Apr,4,5,5,5,2,5,5,yes,South Korea,5
2/26/23,Not Verified,Boeing 777,Couple Leisure,Economy Class,Copenhagen to Dubai,23-Feb,1,1,1,1,1,1,1,no,Denmark,1
2/25/23,Trip Verified,A380,Family Leisure,First Class,Sydney to Dubai,22-Dec,3,1,1,2,1,1,1,no,Australia,1
1/29/23,Trip Verified,Boeing 777-300ER,Business,Economy Class,Miami to Jakarta via Dubai,23-Jan,4,5,5,5,3,5,5,yes,United States,5
1/16/23,Trip Verified,A380,Business,Economy Class,Dubai to Bangalore,23-Jan,3,2,4,4,3,1,2,no,United States,1
1/15/23,Trip Verified,"1 x Boeing 777, 3 x A380",Solo Leisure,Business Class,"Cape Town to Johannesburg via Dubai, Bangkok, Kuala Lumpur",23-Jan,4,5,4,5,3,5,5,yes,South Africa,5
1/5/23,Not Verified,Boeing 777-300,Couple Leisure,Business Class,Bali to London Gatwick via Dubai,23-Jan,1,1,1,1,1,1,1,no,United Kingdom,1
12/29/22,Trip Verified,Boeing 777-300ER,Couple Leisure,Economy Class,Seattle to Dubai,22-Nov,2,1,1,3,1,5,1,no,United States,1
12/20/22,Trip Verified,A380,Business,Business Class,Dubai to Amsterdam,22-Dec,4,3,2,4,1,1,2,no,Netherlands,2
12/13/22,Trip Verified,A380,Solo Leisure,Economy Class,Tokyo Narita to Dubai,22-Dec,3,2,5,5,1,3,3,yes,Bahrain,3
11/27/22,Trip Verified,Boeing 777-31H (ER),Family Leisure,Economy Class,Peshawar to Dubai,22-Nov,1,3,1,1,1,2,2,no,United Arab Emirates,1
10/30/22,Trip Verified,Boeing-777-300,Solo Leisure,Economy Class,Dubai to Denpasar,22-Oct,1,1,1,1,1,1,1,no,Indonesia,1
9/14/22,Trip Verified,Boeing777-300er,Solo Leisure,Economy Class,Bahrain to Birmingham via Dubai,22-Aug,3,2,2,3,2,2,4,no,Bahrain,2
8/29/22,Trip Verified,A380,Couple Leisure,Premium Economy,Dubai to Brisbane,22-Aug,1,2,2,2,3,1,1,no,Australia,2
8/28/22,Trip Verified,Boeing 777-300ER,Solo Leisure,Economy Class,Dallas Ft Worth to Dubai,22-Aug,4,5,5,5,5,5,5,yes,United States,5
8/24/22,Trip Verified,A380,Family Leisure,Economy Class,Beirut to Sydney via Dubai,22-Aug,1,1,1,1,1,1,1,no,Australia,1
8/20/22,Not Verified,A380-Boeing 777,Family Leisure,Economy Class,Bahrain to Delhi via Dubai,22-Aug,4,4,5,5,4,2,3,yes,Bahrain,3
7/25/22,Trip Verified,Boeing 777,Solo Leisure,Business Class,Dubrovnik to Tokyo Narita via Dubai,22-Jul,1,1,1,1,1,1,1,no,Japan,1
7/17/22,Not Verified,A380 / Boeing 777,Business,Business Class,Dammam to Los Angeles via Dubai,22-May,4,5,4,5,4,4,5,yes,United States,5
7/6/22,Trip Verified,A380,Solo Leisure,Economy Class,London to Dubai,22-Jul,4,2,3,4,2,2,2,no,United Arab Emirates,2
6/16/22,Trip Verified,Boeing 777-300,Family Leisure,Economy Class,Ho Chi Minh City to Birmingham UK via Dubai,22-Jun,2,2,1,1,2,3,1,no,Vietnam,1
6/9/22,Trip Verified,Boeing 777,Business,Business Class,Dubai to Algiers ,22-Apr,1,4,1,1,1,2,1,no,United States,2
6/6/22,Trip Verified,Boeing 777,Family Leisure,Economy Class,Houston to Tbilisi via Dubai,22-May,1,1,1,2,1,1,1,no,United States,1
6/6/22,Trip Verified,A380-800,Solo Leisure,First Class,New York to Milan,22-Jun,4,3,4,4,2,1,3,yes,Italy,4
5/29/22,Trip Verified,Boeing 777,Family Leisure,Economy Class,New York to Islamabad via Dubai,22-May,4,5,3,3,2,3,3,yes,United States,3
5/15/22,Not Verified,Boring 777,Solo Leisure,Economy Class,Dallas to Tehran via Dubai,21-Nov,2,2,1,1,1,2,1,no,United States,1
5/8/22,Trip Verified,Boeing 777,Solo Leisure,Economy Class,Tehran to Seattle via Dubai,22-May,1,3,3,3,3,1,3,no,United States,1
5/4/22,Trip Verified,Boeing 777,Solo Leisure,Business Class,Hong Kong to Bangkok,22-Apr,3,3,2,4,3,4,5,yes,Hong Kong,3
4/16/22,Trip Verified,A380,Business,Economy Class,Dubai to Sydney,22-Apr,4,3,3,5,4,3,3,yes,United Arab Emirates,3
4/13/22,Trip Verified,A380,Couple Leisure,Business Class,London to Dubai ,22-Apr,5,1,2,4,1,3,1,no,United Kingdom,1
4/10/22,Trip Verified,A380,Solo Leisure,Economy Class,Amman to Los Angeles via Dubai,22-Apr,3,3,3,4,3,3,1,no,United States,1
3/28/22,Trip Verified,A380,Business,Economy Class,Dubai to London,22-Mar,1,1,2,2,1,1,1,no,United Kingdom,1
3/11/22,Trip Verified,Boeing 777-300ER,Family Leisure,Economy Class,Dallas to Kabul via Dubai,18-Feb,1,1,1,1,1,1,1,no,United States,1
3/7/22,Trip Verified,Boeing 777-300 ER,Family Leisure,Economy Class,Melbourne to Trivandrum via Dubai,21-Dec,2,3,4,3,3,3,2,no,Australia,2
2/12/22,Trip Verified,Boeing 777-300er,Solo Leisure,Business Class,Phuket to Dubai,22-Feb,1,4,2,4,4,2,3,yes,United Arab Emirates,3
2/8/22,Trip Verified,A380,Business,Economy Class,Dubai to Paris,22-Feb,5,5,5,5,5,5,5,yes,Australia,5
1/8/22,Trip Verified,A380 / Boeing 777,Business,Business Class,London to Melbourne via Dubai,22-Jan,2,2,3,2,1,1,1,no,Australia,1
12/11/21,Trip Verified,Boeing 777,Family Leisure,Economy Class,Dubai to Dallas Fort Worth,21-Nov,1,1,3,3,1,3,3,no,United States,1
11/13/21,Not Verified,Boeing 777-300ER,Couple Leisure,Economy Class,Dubai to Brussels,21-Nov,5,5,5,5,5,4,4,yes,Belgium,5
10/20/21,Trip Verified,Boeing 777-300ER,Solo Leisure,Economy Class,Male to Dubai,21-Oct,4,5,5,5,5,5,5,yes,United States,5
9/30/21,Trip Verified,Boeing 777-300,Solo Leisure,Business Class,Athens to Newark,21-Sep,3,5,1,2,1,2,1,no,United States,1
9/20/21,Trip Verified,A380-800,Family Leisure,Economy Class,Dubai to Vienna,21-Sep,5,5,4,5,5,3,4,yes,Austria,4
8/12/21,Not Verified,A380,Family Leisure,Economy Class,Dubai to Cairo,21-Aug,3,1,1,1,1,1,1,no,United Arab Emirates,1
8/11/21,Not Verified,A380,Couple Leisure,Economy Class,Los Angeles to Tehran via Dubai,21-Aug,4,3,3,4,1,1,3,no,United States,2
7/5/21,Trip Verified,Boeing 777,Solo Leisure,Economy Class,Toronto to Dubai,21-Jun,3,3,4,4,2,4,2,no,Canada,3
6/5/21,Trip Verified,Boeing 777-300R,Couple Leisure,Economy Class,Dubai to Nairobi,21-May,4,5,4,4,3,4,4,yes,United Arab Emirates,4
5/26/21,Trip Verified,Boeing 777-300ER,Family Leisure,Economy Class,San Francisco to Kabul via Dubai,21-May,1,2,2,1,1,1,2,no,United States,1
5/13/21,Trip Verified,A380,Family Leisure,Business Class,Dubai to Cairo,21-Apr,5,5,4,4,3,5,4,yes,United Arab Emirates,5
3/24/21,Trip Verified,Boeing 737-300,Couple Leisure,Business Class,Dubai to Chicago,21-Mar,2,1,1,4,4,4,1,no,United States,2
4/6/20,Trip Verified,A380,Couple Leisure,Economy Class,Mauritius to Zurich via Dubai,20-Mar,2,1,1,3,1,3,2,no,Switzerland,2
3/28/20,Trip Verified,Boeing 777 -300 / A380,Business,Business Class,London to Cochi via Dubai,20-Feb,5,3,3,3,2,4,3,no,United Kingdom,3
3/27/20,Trip Verified,B777,Family Leisure,Economy Class,Saint-Petersburg to Denpasar via Dubai ,20-Mar,1,1,1,1,1,1,1,no,Russian Federation,1
3/20/20,Trip Verified,Boeing 777-300,Solo Leisure,Business Class,Cape Town to Glasgow via Dubai,20-Mar,4,5,4,4,5,3,4,yes,United Kingdom,4
3/10/20,Trip Verified,A380 / Boeing 777,Solo Leisure,Economy Class,Gatwick to Ahmedabad via Dubai,20-Mar,4,1,1,5,5,4,3,no,United Kingdom,1
3/6/20,Not Verified,"A380, B777",Couple Leisure,Economy Class,Washington to Bangalore via Dubai,20-Feb,3,3,3,5,3,3,3,yes,United States,4
2/27/20,Trip Verified,A380 / Boeing 777,Solo Leisure,Economy Class,London to Kolkata via Dubai,20-Feb,4,2,3,5,1,2,3,no,United Kingdom,4
2/24/20,Trip Verified,Boeing 777-300ER,Solo Leisure,Business Class,Orlando to Dubai,20-Feb,4,5,5,5,5,5,5,yes,United States,5
2/16/20,Not Verified,Boeing 777-300ER,Business,Business Class,Ho Chi Minh City to Newark via Dubai,20-Feb,2,3,3,2,3,2,2,no,Singapore,2
2/8/20,Trip Verified,Boeing 777‐300ER / A380‐800,Family Leisure,Economy Class,Brisbane to Zurich via Dubai,19-Dec,1,1,3,5,5,1,1,no,Australia,1
2/8/20,Trip Verified,Boeing 777-300 / A380,Family Leisure,Economy Class,Bangalore to Rome via Dubai,20-Jan,4,4,4,4,3,4,4,yes,India,4
2/7/20,Trip Verified,Boeing 777 / A380,Family Leisure,Economy Class,Kolkata to New York JFK via Dubai,20-Feb,4,4,2,5,5,4,2,no,India,3
2/4/20,Trip Verified,A380,Family Leisure,Economy Class,Bombay to Manchester via Dubai,20-Feb,3,5,1,2,1,1,2,no,United Kingdom,1
1/29/20,Trip Verified,A380,Business,Business Class,Bangkok to Birmingham via Dubai,20-Jan,4,5,5,3,2,5,4,yes,United Kingdom,5
1/29/20,Trip Verified,Boeing 777-300,Business,Business Class,Johannesburg to Phuket via Dubai,20-Jan,2,2,2,4,3,3,3,no,South Africa,3
1/25/20,Not Verified,Boeing 777,Solo Leisure,Economy Class,Dubai to Denpasar ,20-Jan,3,1,1,5,3,3,2,no,Netherlands,3
1/17/20,Trip Verified,A380,Solo Leisure,Economy Class,Hong Kong to Prague via Dubai,20-Jan,5,3,3,4,5,4,5,yes,Hong Kong,4
1/10/20,Trip Verified,Boeing 777-200,Business,Economy Class,Dubai to Lisbon,20-Jan,4,1,1,4,5,5,1,no,Portugal,2
12/27/19,Trip Verified,A380,Solo Leisure,Economy Class,London to Sydney via Dubai,19-Nov,4,3,4,4,4,2,4,yes,United Kingdom,3
12/27/19,Trip Verified,A380,Solo Leisure,Business Class,Dubai to Manchester,19-Dec,3,2,2,3,2,2,3,yes,Australia,2
12/27/19,Trip Verified,A380,Solo Leisure,First Class,Sydney to Dubai,19-Dec,4,3,5,3,3,5,3,yes,Australia,3
12/17/19,Trip Verified,Boeing 777,Solo Leisure,Economy Class,Dallas to Dubai,19-Dec,1,1,1,2,1,1,1,no,United States,1
12/13/19,Not Verified,A380-800,Couple Leisure,Economy Class,Milan to Port Louis via Dubai,19-Nov,5,5,5,5,5,5,5,yes,Italy,5
12/8/19,Trip Verified,A380,Business,Economy Class,Dubai to Tokyo,19-Nov,2,1,1,1,1,1,1,no,Singapore,1
12/6/19,Not Verified,A380,Solo Leisure,Economy Class,Birmingham to Hong Kong via Dubai,19-Nov,3,4,1,5,3,1,2,no,Hong Kong,1
11/10/19,Trip Verified,Boeing 777-300ER,Solo Leisure,Economy Class,Newark to Kolkata via Athens and Dubai,19-Sep,3,2,3,3,1,2,1,no,United States,1
10/26/19,Trip Verified,Boeing 777-300ER,Solo Leisure,Business Class,Manila to London via Dubai,19-Oct,4,5,5,5,3,3,4,yes,United Kingdom,4
10/24/19,Not Verified,A380-800 / Boeing 777-300ER,Family Leisure,Economy Class,Riyadh to Manila via Dubai,19-Oct,4,3,3,4,3,3,4,yes,Saudi Arabia,3
10/20/19,Trip Verified,Boeing 777,Solo Leisure,Economy Class,Islamabad to Newark via Dubai,19-May,2,1,2,3,1,1,2,no,United States,1
10/16/19,Trip Verified,A380,Business,Economy Class,Melbourne to Amsterdam via Dubai,19-Sep,3,2,3,4,3,5,3,no,Australia,3
10/16/19,Trip Verified,A380,Business,Economy Class,Frankfurt to Singapore via Dubai,19-Oct,4,3,3,4,3,1,3,no,Singapore,1
10/16/19,Not Verified,Boeing 777-300ER,Couple Leisure,Economy Class,Newark to Athens,19-Oct,1,2,1,1,1,1,1,no,United States,1
10/16/19,Trip Verified,Boeing 777-300 ER,Business,Economy Class,Athens to Tokyo via Dubai,19-Oct,5,5,5,5,2,4,5,yes,Greece,5
10/14/19,Trip Verified,A380,Couple Leisure,Economy Class,Male to London via Dubai,19-Oct,1,1,3,4,3,1,1,no,United Kingdom,1
10/14/19,Not Verified,Boeing 777,Business,Economy Class,New Dehli to Dubai,19-Oct,1,1,1,1,1,1,1,no,France,1
10/11/19,Not Verified,A380,Solo Leisure,Business Class,Sydney to Prague via Dubai,19-Aug,5,5,5,5,5,5,5,yes,Australia,5
10/10/19,Trip Verified,A380,Business,Business Class,Dubai to Munich,19-Oct,4,5,4,1,1,5,3,no,Germany,3
10/4/19,Trip Verified,A380,Family Leisure,Economy Class,Trivandrum to New York via Dubai,19-Sep,4,4,1,2,1,4,3,no,United States,1
9/25/19,Not Verified,A380,Solo Leisure,Economy Class,Johannesburg to London via Dubai,19-Sep,3,5,5,5,4,5,5,yes,South Africa,5
9/25/19,Trip Verified,Boeing 777 300,Solo Leisure,First Class,Denpasar to Auckland,19-Aug,5,1,2,2,1,2,3,no,Australia,2
9/12/19,Trip Verified,Boeing 777,Solo Leisure,Business Class,Chennai to Warsaw via Dubai,19-Apr,5,5,5,5,4,5,4,yes,Poland,5
8/27/19,Trip Verified,A380,Family Leisure,Economy Class,Toronto to Mumbai via Dubai,19-Aug,4,3,3,4,3,1,1,no,Canada,1
8/12/19,Trip Verified,Boeing 777-300 / A380-800,Family Leisure,Economy Class,Colombo to Zurich via Dubai,19-Jul,1,1,1,1,1,1,1,no,Sri Lanka,1
8/10/19,Trip Verified,Boeing 777,Business,Business Class,Dubai to Melbourne via Singapore,19-Aug,4,1,2,3,3,2,2,no,Australia,1
8/7/19,Trip Verified,A380,Family Leisure,Economy Class,Los Angeles to Mumbai via Dubai,19-Jul,1,1,1,1,1,1,1,no,United States,1
8/4/19,Trip Verified,Boeing 777-300 ER,Family Leisure,Economy Class,Dubai to Chicago,19-Aug,3,1,1,4,3,4,2,no,United States,2
7/24/19,Trip Verified,A380,Couple Leisure,Economy Class,Dublin to Bangkok via Dubai,19-Jul,2,1,4,2,3,5,3,no,Ireland,3
7/18/19,Trip Verified,A380,Family Leisure,Economy Class,Singapore to London via Dubai,19-Jun,4,3,5,5,4,4,5,yes,Singapore,4
7/17/19,Trip Verified,A380,Couple Leisure,Business Class,Milan to Male via Dubai,19-Mar,5,5,5,5,5,5,5,yes,Italy,5
7/8/19,Trip Verified,Boeing 777-300 ER & A380-800,Family Leisure,Economy Class,Kuwait to Amman via Dubai,19-Jul,4,4,4,4,1,3,4,yes,Kuwait,4
6/27/19,Trip Verified,Boeing 777-300ER,Family Leisure,Economy Class,Venice to Dubai,18-Oct,5,5,5,5,5,5,4,yes,Austria,5
6/24/19,Not Verified,A380,Business,First Class,Brussels to Sydney via Dubai,19-Jun,5,5,3,5,2,5,5,yes,Belgium,5
6/20/19,Trip Verified,Boeing 747-400,Family Leisure,Economy Class,Dubai to Manila ,19-Feb,2,1,1,2,1,1,1,no,United Arab Emirates,1
6/19/19,Trip Verified,Boeing 777,Solo Leisure,Economy Class,Beirut to Dubai,19-Jun,5,5,5,5,5,1,3,no,United Arab Emirates,3
6/16/19,Trip Verified,"Boeing 777-300ER, A380",Business,Business Class,Addis Ababa to Bangkok via Dubai,19-Jun,5,4,3,5,5,5,4,yes,Vietnam,4
6/5/19,Not Verified,Boeing 777,Solo Leisure,Business Class,Dubai to Hyderabad,19-Jun,4,2,2,3,3,2,2,no,United Arab Emirates,2
6/4/19,Trip Verified,A380-800,Business,Business Class,Milan to New York,19-Jun,4,4,4,5,2,4,4,yes,Italy,5
6/4/19,Trip Verified,A380,Family Leisure,Economy Class,Dubai to Birmingham,19-Jun,4,2,2,5,5,4,4,no,United Kingdom,4
5/30/19,Not Verified,A380,Family Leisure,Economy Class,New York to Trivandrum via Dubai,19-May,1,1,1,4,3,1,2,no,United States,1
5/29/19,Trip Verified,A380,Family Leisure,Business Class,Bangkok to Hong Kong,18-Jul,5,4,3,5,3,3,4,yes,Thailand,4
5/19/19,Trip Verified,Boeing 777 300er,Couple Leisure,Economy Class,Newcastle to Kuala Lumpur via Dubai ,19-May,2,2,2,5,2,3,3,no,United Kingdom,3
5/12/19,Trip Verified,A388,Business,Business Class,Dubai to Guangzhou,19-May,3,3,1,2,1,4,2,no,United Arab Emirates,3
5/12/19,Trip Verified,A380,Business,Economy Class,Perth to London Heathrow via Dubai,19-May,4,1,1,5,5,5,4,yes,United Kingdom,1
5/10/19,Trip Verified,A380 / Boeing 777,Solo Leisure,Business Class,Bangkok to Glasgow via Dubai,19-Jan,5,2,4,5,2,2,4,no,United Kingdom,3
5/10/19,Not Verified,A380-800,Family Leisure,Economy Class,Dubai to London Heathrow,19-Apr,3,4,5,5,4,5,5,yes,United Kingdom,5
4/30/19,Trip Verified,Boeing 777-300ER,Family Leisure,Economy Class,Kuwait to Dubai,19-Apr,4,5,4,5,1,5,5,yes,Kuwait,4
4/27/19,Trip Verified,Boeing 777 / A380,Family Leisure,Business Class,Algiers to Bangkok via Dubai,18-Oct,5,4,5,5,4,4,5,yes,Thailand,5
4/26/19,Trip Verified,Boeing 777 300er,Couple Leisure,Economy Class,Dubai to Singapore,19-Apr,4,5,5,5,2,5,4,yes,Germany,5
4/25/19,Trip Verified,A380,Family Leisure,Economy Class,Manchester to Dubai,19-Apr,5,4,4,4,2,4,4,yes,United Kingdom,4
4/24/19,Trip Verified,Boeing 777-300ER,Couple Leisure,Economy Class,Budapest to Manila via Dubai,18-Nov,4,4,5,5,3,5,5,yes,Hungary,5
4/14/19,Trip Verified,A380,Couple Leisure,Economy Class,Brisbane to Dubai,19-Apr,1,4,3,3,2,4,4,no,Australia,2
4/12/19,Trip Verified,Boeing 777-300ER,Solo Leisure,Economy Class,Melbourne to Dubai via Singapore,19-Mar,5,5,5,5,5,5,5,yes,Australia,5
4/10/19,Not Verified,Boeing 777-300,Couple Leisure,Economy Class,Newark to Delhi via Dubai,19-Apr,5,5,5,5,5,5,4,yes,United States,4
4/9/19,Trip Verified,A380,Family Leisure,Economy Class,Manchester to Dubai,19-Apr,3,1,1,5,4,1,2,no,United Kingdom,1
4/9/19,Trip Verified,A380 / Boeing 777,Solo Leisure,Economy Class,London Gatwick to Islamabad via Dubai ,19-Mar,3,3,2,2,1,4,3,no,United Kingdom,2
4/8/19,Not Verified,Boeing 777 / A380-800,Family Leisure,Economy Class,Oslo to Singapore via Dubai,19-Apr,5,2,1,2,1,4,3,no,Norway,2
4/8/19,Trip Verified,"Boeing 777L, A380-800",Family Leisure,Economy Class,Oslo to Singapore via Dubai,19-Apr,4,3,1,2,1,4,3,no,Norway,2
3/20/19,Trip Verified,A380,Business,Business Class,Dubai to Manchester,19-Mar,4,2,3,5,1,5,4,yes,United Kingdom,3
3/18/19,Trip Verified,A380,Couple Leisure,Economy Class,Colombo to London via Dubai,19-Mar,1,1,1,5,2,1,1,no,United Kingdom,1
3/18/19,Trip Verified,Boeing 777 / A380,Family Leisure,Economy Class,Kuala Lumpur to London via Dubai,19-Mar,5,5,5,5,5,1,4,yes,Malaysia,5
3/18/19,Trip Verified,A380,Business,Business Class,London to Dubai,19-Mar,4,3,2,4,3,2,1,no,United Kingdom,1
3/10/19,Trip Verified,Boeing 777,Business,Business Class,Riyadh to Newcastle via Dubai,19-Mar,5,2,1,4,3,5,1,yes,United Kingdom,1
3/9/19,Trip Verified,A380,Family Leisure,Economy Class,Dubai to Düsseldorf,19-Mar,5,5,3,5,4,5,4,yes,Germany,5
3/6/19,Trip Verified,A380,Family Leisure,Economy Class,Düsseldorf to Dubai,19-Mar,5,5,5,5,2,5,5,yes,Germany,5
2/13/19,Trip Verified,Boeing 777,Couple Leisure,Economy Class,Dubai to Cairo,19-Feb,3,2,4,4,4,2,3,no,Egypt,3
2/11/19,Trip Verified,A380,Business,Business Class,Dubai to London,18-Nov,3,5,5,5,3,5,4,yes,United Arab Emirates,5
2/10/19,Trip Verified,Boeing 777,Couple Leisure,Business Class,Male to Colombo,19-Jan,3,1,4,4,1,1,1,no,Maldives,2
2/8/19,Trip Verified,Boeing 777-300ER / A380-800,Business,Business Class,Munich to Riyadh via Dubai,19-Jan,5,5,5,5,4,5,5,yes,Germany,5
2/6/19,Trip Verified,A380 / Boeing 777,Couple Leisure,Economy Class,Amsterdam to Cape Town via Dubai,19-Feb,2,1,1,3,1,3,3,no,United Kingdom,1
2/5/19,Trip Verified,A380,Business,Economy Class,Madrid to Sydney via Dubai,19-Feb,2,1,2,2,2,3,3,yes,Australia,3
2/5/19,Trip Verified,A380,Business,Economy Class,Sydney to Madrid via Dubai,19-Jan,3,2,2,2,2,3,3,yes,Australia,3
2/4/19,Trip Verified,Boeing 777-300ER,Solo Leisure,Economy Class,Brussels to Dubai,19-Jan,1,1,1,1,1,1,1,no,Belgium,1
1/29/19,Trip Verified,Boeing 777-300,Solo Leisure,Economy Class,Dubai to  Bangkok ,19-Jan,4,5,5,5,5,1,5,yes,United Arab Emirates,2
1/27/19,Trip Verified,A380,Solo Leisure,Business Class,Bangkok to Sydney,18-Oct,2,2,2,3,2,2,2,no,Australia,1
1/14/19,Trip Verified,Boeing 777-300 / A380,Solo Leisure,Economy Class,Cape Town to London via Dubai,19-Jan,1,5,1,5,1,4,3,no,United Kingdom,2
1/8/19,Trip Verified,A380,Solo Leisure,Business Class,Addis Ababa to Los Angeles via Dubai,18-Dec,5,5,5,5,2,5,4,yes,Taiwan,5
1/6/19,Trip Verified,Boeing 777/  A380,Solo Leisure,Business Class,Dubai to Manchester,19-Jan,5,5,5,5,5,5,4,yes,United Kingdom,5
1/4/19,Not Verified,Boeing 777-300ER / A380,Family Leisure,Economy Class,Bangkok to Zurich  via Dubai,18-Oct,2,5,4,5,3,5,4,yes,Thailand,4
12/29/18,Trip Verified,A380,Solo Leisure,Business Class,New York to Cairo via Dubai,18-Sep,5,5,5,4,3,4,4,yes,United States,5
12/19/18,Trip Verified,Boeing 777,Solo Leisure,Economy Class,Hamburg to Dubai,18-Dec,3,5,4,5,2,4,3,yes,Germany,5
12/18/18,Trip Verified,Boeing 777-300 / A380,Couple Leisure,Economy Class,Glasgow to Hong Kong via Dubai,18-Dec,3,3,3,3,4,3,3,no,United Kingdom,3
12/17/18,Trip Verified,Boeing 777,Business,Economy Class,Dubai to Istanbul,18-Dec,4,2,1,4,4,4,2,no,Turkey,3
12/14/18,Trip Verified,A 380,Couple Leisure,First Class,Colombo to Los Angeles via Dubai,18-Dec,5,5,4,5,5,5,5,yes,United Arab Emirates,5
12/14/18,Trip Verified,Boeing 777-300 ER,Couple Leisure,Economy Class,Dubai to Vienna,18-Dec,4,3,2,5,3,4,3,yes,Austria,3
12/11/18,Trip Verified,A380,Solo Leisure,Business Class,Dubai to Los Angeles,18-Dec,3,1,1,2,1,1,1,no,United Arab Emirates,1
12/11/18,Trip Verified,A380,Couple Leisure,Business Class,London to Brisbane via Dubai,18-Nov,4,4,3,3,3,1,3,no,United Kingdom,1
12/10/18,Trip Verified,Boeing 777,Business,Economy Class,Istanbul to Dubai,18-Dec,4,4,1,3,4,4,2,yes,Turkey,3
12/10/18,Trip Verified,A380,Couple Leisure,Economy Class,Manchester to Singapore via Dubai,18-Dec,3,2,3,3,2,4,4,no,United Kingdom,3
12/10/18,Trip Verified,A380,Couple Leisure,Business Class,Bangkok to Hong Kong,18-Dec,5,5,5,5,5,5,4,yes,Spain,4
12/7/18,Trip Verified,A380,Couple Leisure,Economy Class,Auckland to Manchester via Dubai,18-Nov,3,5,3,5,3,3,1,no,United Kingdom,3
12/4/18,Trip Verified,A380,Family Leisure,Economy Class,Kuala Lumpur to London via Dubai ,18-Dec,2,2,1,4,4,3,3,no,Malaysia,1
12/4/18,Trip Verified,A380,Business,Economy Class,Kuala Lumpur to London via Dubai,18-Dec,2,2,2,4,3,3,3,no,Singapore,1
11/29/18,Trip Verified,A380,Solo Leisure,Business Class,Dubai to Hamburg,18-Nov,5,5,5,5,4,5,5,yes,Switzerland,5
11/29/18,Trip Verified,Boeing 777 / A380,Solo Leisure,Business Class,Hamburg to Hong Kong via Dubai,18-Oct,5,5,5,5,4,5,5,yes,Switzerland,5
11/28/18,Trip Verified,A380,Solo Leisure,Business Class,Shanghai to Dubai,18-Nov,5,5,5,5,4,5,5,yes,Switzerland,5
11/6/18,Trip Verified,A380 / Boeing 777,Family Leisure,Economy Class,Madrid to Male via Dubai,18-Nov,2,1,2,2,1,1,1,no,Spain,1
10/18/18,Trip Verified,Boeing 777,Business,Economy Class,Johannesburg to Rome via Dubai,18-Jul,1,1,1,1,1,1,1,no,South Africa,1
10/17/18,Trip Verified,Boeing 777,Business,Economy Class,Dubai to Sao Paulo,18-Aug,2,3,2,3,3,1,1,no,Brazil,1
10/15/18,Not Verified,A380,Family Leisure,Business Class,Sydney to Paris via Dubai,18-Sep,3,2,3,3,3,1,1,no,Australia,1
10/7/18,Trip Verified,Boeing 777-300ER,Business,Economy Class,Dubai to Johannesburg,18-Sep,1,1,3,2,1,1,1,no,Hong Kong,1
9/28/18,Trip Verified,A388 / Boeing 777-300ER,Family Leisure,Economy Class,Frankfurt to Cebu via Dubai,18-Aug,3,2,5,4,2,1,3,no,Germany,3
9/27/18,Trip Verified,A380-800,Business,Business Class,Toronto to Beirut via Dubai,18-Sep,1,4,5,4,1,4,1,no,Canada,1
9/27/18,Trip Verified,A380-800,Business,Business Class,Dubai to Seoul Incheon,18-Sep,4,5,5,5,5,5,5,yes,Hungary,5
9/26/18,Not Verified,Boeing 777-300ER,Business,Business Class,Johannesburg to Kolkata via Dubai,18-Sep,4,2,3,5,4,3,2,no,South Africa,2
9/25/18,Trip Verified,A380,Solo Leisure,Economy Class,Bangkok to Sydney,18-Sep,3,2,3,4,4,4,2,no,Australia,1
9/18/18,Trip Verified,Boeing 777,Business,Economy Class,Dubai to Nairobi,18-Aug,2,1,5,5,3,1,3,no,Kenya,1
9/16/18,Trip Verified,A380,Couple Leisure,Economy Class,Sydney to Dubai,18-Aug,1,3,3,3,1,1,1,no,Australia,2
9/15/18,Trip Verified,Emirates,Couple Leisure,Economy Class,Gatwick to Dubai,18-Sep,1,1,1,1,1,1,1,no,United Kingdom,1
9/11/18,Trip Verified,A380,Solo Leisure,Economy Class,Dubai to Singapore,18-Sep,3,2,2,1,1,3,2,no,Singapore,2
9/8/18,Trip Verified,Boeing 777 / A380,Family Leisure,Economy Class,Cebu to Copenhagen via Dubai,18-Sep,3,1,1,1,1,1,1,no,Philippines,1
8/28/18,Trip Verified,B777-300 / A380,Solo Leisure,Business Class,Kuwait to Lyon via Dubai,18-Aug,2,1,2,3,1,5,2,no,Kuwait,1
8/24/18,Trip Verified,Boeing 777-300ER and A380,Family Leisure,Economy Class,Hamburg to Beijing via Dubai,18-Aug,4,5,5,5,5,4,5,yes,Germany,4
8/24/18,Trip Verified,Boeing 777-300ER,Solo Leisure,Economy Class,Newark to Athens,18-Jul,5,5,4,5,5,5,5,yes,United States,5
8/20/18,Trip Verified,A380 and 777,Family Leisure,Economy Class,Amsterdam to Male via Dubai,18-Aug,4,2,1,5,4,2,3,no,Netherlands,2
8/17/18,Trip Verified,A380,Family Leisure,Business Class,Dubai to London,18-Aug,2,1,3,5,4,4,2,no,India,3
8/15/18,Trip Verified,A380,Solo Leisure,Business Class,Melbourne to London via Dubai,18-Aug,5,5,5,5,5,5,5,yes,Australia,5
8/12/18,Trip Verified,Boeing 777-300ER,Family Leisure,Economy Class,Colombo to Dubai,18-Jul,2,2,3,1,2,3,3,yes,United Arab Emirates,3
8/11/18,Not Verified,A380 / Boeing 777,Family Leisure,Economy Class,Manchester to Singapore via Dubai,18-Jul,3,2,2,2,1,4,2,no,United Kingdom,2
8/9/18,Trip Verified,A380,Family Leisure,Economy Class,London to Manila via Dubai,18-Jul,1,1,1,1,1,1,1,no,United Kingdom,1
7/26/18,Trip Verified,A380,Family Leisure,Economy Class,Dubai to Paris,18-Jul,3,1,2,2,5,5,4,yes,United Arab Emirates,3
7/24/18,Trip Verified,"A380, Boeing 777-200LR",Family Leisure,Economy Class,Johannesburg to Jakarta via Dubai,18-Jul,5,1,5,5,5,4,4,yes,South Africa,4
7/15/18,Trip Verified,A380,Couple Leisure,Economy Class,Rome to Dubai,18-Jul,2,2,2,3,3,1,2,no,Australia,1
7/12/18,Trip Verified,Boeing 777 / A380,Couple Leisure,Economy Class,Auckland to Birmingham via Brisbane / Dubai,18-Jun,2,1,1,2,2,4,3,no,New Zealand,1
7/10/18,Trip Verified,Boeing 777-300ER,Couple Leisure,Economy Class,Maldives to Boston via Dubai,18-Jul,1,1,3,4,4,3,1,no,United States,2
7/7/18,Trip Verified,A380,Couple Leisure,First Class,Perth to Athens,18-Jul,5,5,5,5,5,5,5,yes,Australia,5
7/7/18,Trip Verified,A380,Solo Leisure,Economy Class,Washington to Bangalore via Dubai,17-Sep,4,4,1,4,3,4,3,no,United States,1
6/28/18,Trip Verified,Boeing 777 / A380,Business,Economy Class,New York to Dubai,18-Jun,5,5,5,5,5,4,5,yes,United Arab Emirates,5
6/27/18,Trip Verified,A380 / Boeing 777,Business,Economy Class,London to Jakarta via Dubai,18-Jun,5,5,5,5,5,5,5,yes,United Kingdom,5
6/25/18,Trip Verified,Boeing 777 / A380,Family Leisure,Economy Class,Bahrain to London via Dubai,17-Jul,5,5,5,5,3,5,5,yes,Bahrain,5
6/24/18,Trip Verified,B777 / A380,Family Leisure,Business Class,Singapore to Dubai,18-Mar,5,5,5,5,5,5,5,yes,Germany,5
6/18/18,Trip Verified,A380,Business,First Class,Kuwait to Houston via Dubai,18-Jun,5,4,4,5,4,1,3,no,Kuwait,2
6/16/18,Not Verified,Boeing 777-300ER,Business,Business Class,Dubai to Boston,18-Jun,2,1,1,2,1,4,1,no,United States,1
6/15/18,Trip Verified,Boeing 777 / A380,Couple Leisure,Business Class,Cape Town to Melbourne via Dubai,18-Jun,5,5,5,4,3,4,4,yes,Australia,4
6/14/18,Not Verified,A380,Business,Business Class,Brussels to Tokyo via Dubai,18-Jun,5,5,1,5,5,5,4,yes,Belgium,4
6/14/18,Trip Verified,A380,Couple Leisure,Economy Class,San Francisco to Mumbai via Dubai,18-Jun,4,3,2,5,3,4,3,no,India,3
5/26/18,Trip Verified,A380,Solo Leisure,Economy Class,Amsterdam to Melbourne via Dubai,18-May,1,1,1,1,2,2,1,no,Australia,1
5/24/18,Trip Verified,A380,Solo Leisure,Economy Class,Milan to New York,18-May,3,1,2,1,2,4,3,yes,Italy,3
5/19/18,Trip Verified,Boeing 777-300ER,Solo Leisure,Economy Class,Dallas to Dhaka via Dubai,18-May,2,4,1,3,1,1,1,no,United States,2
5/16/18,Trip Verified,A380 / Boeing 777,Family Leisure,Economy Class,Munich to Jakarta via Dubai,18-Jan,1,2,3,1,2,1,2,no,Indonesia,2
5/13/18,Trip Verified,A380-800,Solo Leisure,Economy Class,Birmingham to Bangkok via Dubai,18-May,5,5,3,5,4,3,5,yes,United Kingdom,5
5/8/18,Trip Verified,A340,Solo Leisure,Economy Class,Auckland to London via Dubai,18-Mar,2,1,4,5,4,4,4,no,United Kingdom,2
5/7/18,Trip Verified,A380,Couple Leisure,Economy Class,London to Manila via Dubai,18-Mar,4,5,5,5,4,5,5,yes,United Kingdom,5
5/5/18,Trip Verified,A380,Couple Leisure,Business Class,Amsterdam to Dubai,18-Apr,4,3,3,4,3,2,3,yes,Netherlands,4
4/29/18,Trip Verified,Boeing 777,Family Leisure,Economy Class,Bali to Newcastle via Dubai,18-Apr,1,4,4,5,1,3,1,no,United Kingdom,2
4/16/18,Trip Verified,A380 / Boeing 777,Solo Leisure,Business Class,Muscat to Zurich via Dubai,18-Apr,5,5,5,5,4,5,5,yes,Switzerland,5
4/16/18,Trip Verified,A380,Solo Leisure,Business Class,Zurich to Muscat via Dubai,18-Apr,5,5,5,5,4,5,5,yes,Switzerland,5
4/15/18,Trip Verified,A380,Family Leisure,Economy Class,Melbourne to Kuala Lumpur via Singapore,18-Apr,1,1,1,1,1,1,1,no,Australia,1
4/9/18,Trip Verified,A388,Solo Leisure,First Class,Dubai to Manchester,18-Apr,5,5,5,5,4,5,4,yes,United Kingdom,5
4/6/18,Trip Verified,A380,Business,Business Class,Christchurch to Sydney,18-Apr,3,1,1,5,5,5,1,no,Australia,1
3/30/18,Trip Verified,A380,Business,Economy Class,Amsterdam to Dubai,18-Mar,4,2,3,4,3,3,2,no,Netherlands,3
3/26/18,Trip Verified,Boeing 777,Solo Leisure,Economy Class,Phnom Penh to Yangon,18-Mar,4,5,4,5,5,3,2,yes,Myanmar,4
3/16/18,Trip Verified,Boeing 777,Couple Leisure,Economy Class,Athens to Newark,18-Mar,5,2,2,4,3,5,4,yes,United States,3
3/15/18,Trip Verified,A380,Business,Business Class,Hyderabad to New York JFK via Dubai,18-Mar,4,1,1,2,1,4,1,no,United States,3
3/11/18,Trip Verified,A380,Family Leisure,Economy Class,London to Lahore via Dubai,18-Jan,5,5,5,5,4,5,5,yes,United Kingdom,5
3/6/18,Trip Verified,A380,Couple Leisure,Economy Class,Zurich to Kolkata via Dubai,18-Mar,3,1,2,1,1,1,1,no,Switzerland,1
3/5/18,Trip Verified,Boeing 777,Solo Leisure,Economy Class,Phnom Penh to Yangon,18-Feb,4,5,3,5,4,4,4,yes,Cambodia,4
2/26/18,Trip Verified,"A380, Boeing 777",Business,Economy Class,Düsseldorf to Manila via Dubai,18-Feb,4,4,4,5,5,4,5,yes,Germany,5
2/19/18,Trip Verified,Boeing 777,Business,Economy Class,Oslo to Dubai,18-Feb,1,1,3,3,1,1,1,no,Norway,1
2/19/18,Trip Verified,A380,Couple Leisure,Business Class,Amsterdam to Mumbai via Dubai,18-Feb,4,4,4,5,3,4,4,yes,Switzerland,4
2/18/18,Trip Verified,Boeing 777-300ER,Family Leisure,Economy Class,Dublin to Dubai,17-Jul,5,5,5,5,5,5,5,yes,United Kingdom,5
2/9/18,Trip Verified,Boeing 777-300ER,Solo Leisure,Economy Class,Manila to Dubai,18-Feb,4,4,4,4,2,4,5,yes,United Arab Emirates,4
2/6/18,Trip Verified,Boeing 777-300ER,Couple Leisure,Economy Class,Dubai to Manila,18-Feb,4,2,3,1,1,4,4,yes,United Arab Emirates,3
2/5/18,Trip Verified,Boeing 777,Business,Economy Class,Hyderabad to Zurich,18-Feb,1,1,1,1,1,1,1,no,Switzerland,1
2/4/18,Trip Verified,A380,Family Leisure,Economy Class,Birmingham to Sydney via Dubai,18-Feb,4,4,4,4,4,1,4,no,Australia,2
1/29/18,Trip Verified,A380,Solo Leisure,First Class,Zurich to Auckland via Dubai,18-Jan,4,1,3,5,4,3,3,no,Switzerland,3
1/29/18,Trip Verified,Boeing 777-300ER,Family Leisure,Economy Class,Bengaluru to Dammam via Dubai,17-Aug,5,5,3,5,5,4,4,yes,Saudi Arabia,5
1/27/18,Trip Verified,Boeing 777,Couple Leisure,Economy Class,Hamburg to Colombo via Dubai,17-Dec,5,3,4,5,1,4,1,no,Germany,1
1/5/18,Trip Verified,A380,Couple Leisure,Economy Class,Birmingham to Dubai,18-Jan,2,1,1,4,1,2,2,no,United Kingdom,2
1/4/18,Trip Verified,Boeing 777-300,Business,Economy Class,Kuwait to Dubai,17-Nov,1,4,1,3,5,5,3,no,Kuwait,3
12/30/17,Trip Verified,A380-800,Solo Leisure,Economy Class,Dubai to Hong Kong,17-Dec,3,1,1,3,1,1,2,no,Hong Kong,1
12/30/17,Trip Verified,A380,Solo Leisure,Economy Class,London to Kuala Lumpur via Dubai,17-Dec,4,5,5,5,4,4,5,yes,Malaysia,4
12/30/17,Trip Verified,A380,Couple Leisure,Economy Class,Paris to Dubai,17-Dec,2,1,1,3,3,1,1,no,Hong Kong,1
12/28/17,Trip Verified,A380,Business,Economy Class,Dusseldorf to Bangkok via Dubai,17-Dec,4,4,4,5,1,5,5,yes,United Kingdom,4
12/28/17,Trip Verified,Boeing 777,Solo Leisure,Economy Class,Lisbon to Dubai,17-Dec,3,2,1,3,1,3,1,no,United Arab Emirates,1
12/24/17,Trip Verified,A380,Business,Business Class,Dubai to Manchester,17-Dec,4,3,3,4,4,2,2,no,United Kingdom,2
12/19/17,Trip Verified,A380,Family Leisure,Economy Class,Singapore to Melbourne,17-Dec,4,1,3,5,4,2,4,no,Australia,2
12/14/17,Trip Verified,A380 / Boeing 777,Business,Economy Class,Frankfurt to Hyderabad via Duabi,17-Dec,4,4,4,3,2,1,4,no,Germany,1
12/13/17,Trip Verified,A380,Solo Leisure,Business Class,Hong Kong to Bangkok,17-Dec,4,5,4,4,4,4,4,yes,Hong Kong,5
12/10/17,Trip Verified,A380,Business,Business Class,London to Ahmedabad via Dubai,17-Dec,4,1,2,5,1,3,3,no,United Kingdom,2
12/10/17,Trip Verified,A380,Solo Leisure,Business Class,Bangkok to Sydney,17-Oct,5,5,5,5,5,5,5,yes,Australia,5
12/10/17,Trip Verified,A380-800,Business,Business Class,Colombo to Melbourne via Singapore,17-Nov,5,4,4,5,5,4,3,yes,United States,1
12/10/17,Trip Verified,A380,Solo Leisure,Economy Class,Dubai to Manchester,17-Dec,2,5,4,5,2,3,3,yes,United Kingdom,4
12/5/17,Trip Verified,A380 / Boeing 777-300ER,Solo Leisure,Economy Class,London to Durban via Dubai,17-Nov,4,4,2,5,1,4,2,no,United Kingdom,2
11/29/17,Trip Verified,"Boeing 777-300ER, A380-800",Family Leisure,Economy Class,Karachi to Jeddah via Dubai,17-Nov,5,5,4,5,4,4,5,yes,Pakistan,5
11/28/17,Trip Verified,A380-800,Solo Leisure,Business Class,Dubai to Zurich,17-Nov,5,5,5,5,4,4,5,yes,Switzerland,5
11/27/17,Trip Verified,A380-800,Solo Leisure,Business Class,Melbourne to Auckland / Dubai,17-Nov,5,5,5,5,4,4,5,yes,Switzerland,5
11/27/17,Trip Verified,A380-800,Solo Leisure,Business Class,Zurich to Melbourne via Dubai,17-Oct,5,5,5,5,4,5,5,yes,Switzerland,5
11/27/17,Trip Verified,Boeing 777-300,Couple Leisure,Economy Class,Male to Frankfurt via Dubai,17-Nov,3,2,2,4,2,3,3,no,Germany,2
11/27/17,Trip Verified,Boeing 777 /  A380,Couple Leisure,Economy Class,Lyon to Bangkok via Dubai,17-Nov,1,1,1,1,1,1,1,no,France,1
11/25/17,Trip Verified,A380,Business,Business Class,Frankfurt to Bangkok via Dubai,17-Nov,4,2,2,4,2,2,1,no,Germany,1
11/17/17,Verified Review,A380 / Boeing 777,Family Leisure,Economy Class,Sydney to Cairo via Dubai,17-Mar,4,4,4,5,4,4,4,yes,Australia,4
11/16/17,Verified Review,A380,Couple Leisure,Economy Class,Narita Tokyo to Dubai,17-Nov,1,1,2,3,3,1,1,no,Egypt,1
11/11/17,Verified Review,Boing 777,Business,Economy Class,Dubai to Cairo,17-Nov,1,2,3,5,3,2,3,yes,Egypt,3
11/8/17,Verified Review,A380-800,Family Leisure,Economy Class,Barcelona to Melbourne via Dubai,17-Sep,3,1,1,3,3,3,2,no,Australia,2
11/7/17,Verified Review,A380,Couple Leisure,Economy Class,Dubai to Mumbai,17-Nov,3,1,1,3,4,3,2,no,Mauritius,2
11/6/17,Verified Review,A380,Solo Leisure,Economy Class,Hong Kong to Geneva via Dubai,17-Nov,5,5,2,3,2,5,5,yes,Switzerland,5
11/4/17,Verified Review,Boeing 777-300ER,Couple Leisure,Economy Class,Newark to Athens,17-Oct,5,5,5,5,5,5,5,yes,United States,5
10/15/17,Verified Review,Boeing 777-300ER,Business,Economy Class,Delhi to Dubai,17-Oct,3,3,4,5,3,3,4,yes,India,4
10/13/17,Verified Review,A380,Business,Business Class,Dubai to Toronto,17-Oct,3,5,5,5,5,3,4,yes,Canada,4
10/10/17,Verified Review,A380,Couple Leisure,Economy Class,Melbourne to Cape Town via Dubai,17-Oct,4,4,4,4,2,2,3,no,Australia,1
10/8/17,Verified Review,Boeing 777 / A380,Couple Leisure,Business Class,Newcastle to Melbourne via Dubai,17-Oct,4,5,5,3,4,5,4,yes,United Kingdom,5
10/5/17,Verified Review,Boeing 777 300 ER,Business,Economy Class,Istanbul to Dubai,17-Oct,5,5,5,5,4,5,5,yes,United Arab Emirates,5
9/27/17,Verified Review,A380,Couple Leisure,Business Class,Dubai to Sydney via Bangkok,17-Sep,2,3,3,5,5,2,4,no,Australia,4
9/27/17,Verified Review,Boeing 777,Solo Leisure,Economy Class,Dubai to Amman,17-Aug,3,4,4,4,1,3,2,no,United Arab Emirates,1
9/25/17,Verified Review,A380,Solo Leisure,Business Class,Dubai to London Heathrow,17-Sep,3,4,4,4,4,3,4,yes,United Kingdom,5
9/25/17,Verified Review,Boeing 777-300er,Couple Leisure,Economy Class,Brisbane to Singapore,17-Sep,2,5,5,4,3,3,4,yes,Australia,3
9/18/17,Verified Review,A380,Couple Leisure,Economy Class,Manchester to Mauritius via Dubai,17-Jul,4,4,4,5,4,4,4,yes,United Kingdom,5
9/7/17,Verified Review,A380,Family Leisure,Economy Class,Perth to Rome via Dubai,17-Sep,5,5,5,5,2,4,4,yes,Australia,5
8/25/17,Verified Review,Boeing 777-300ER,Family Leisure,Economy Class,Mumbai to Dubai,17-May,5,5,4,5,3,5,4,yes,India,4
8/18/17,Verified Review,A380-800,Family Leisure,Economy Class,Bangkok to London via Dubai,17-Aug,3,2,2,5,1,1,4,no,Thailand,2
8/15/17,Verified Review,A380,Solo Leisure,Business Class,Perth to Manchester via Dubai,17-Aug,5,5,5,5,5,5,5,yes,Australia,5
8/14/17,Verified Review,A380,Couple Leisure,Economy Class,Birmingham to Sydney via Dubai / Bangkok,17-Aug,2,3,4,4,2,2,3,no,Australia,3
8/13/17,Verified Review,Boeing 777 /A380,Couple Leisure,Economy Class,Gatwick to Colombo via Dubai,17-Jul,5,5,5,5,5,5,4,yes,United Kingdom,5
8/7/17,Verified Review,Boeing 777-300,Solo Leisure,Economy Class,Newcastle to Trivandrum via Dubai,17-Aug,5,5,4,5,5,4,5,yes,Brazil,5
8/4/17,Verified Review,A380,Solo Leisure,Economy Class,Bangkok to Düsseldorf via Dubai,17-Aug,4,4,4,5,3,2,5,yes,Netherlands,4
8/4/17,Verified Review,A380,Family Leisure,Economy Class,Copenhagen to Mauritius via Dubai,17-Jul,5,5,4,5,3,4,4,yes,Sweden,5
8/4/17,Verified Review,A380-8,Family Leisure,Business Class,Tokyo Narita to Casablanca via Dubai,17-Jul,5,4,4,5,3,5,5,yes,Morocco,5
7/25/17,Verified Review,A380 / Boeing 777-300ER,Business,Economy Class,Mumbai to Vienna via Dubai,17-Jun,5,4,5,5,2,4,4,yes,India,5
7/24/17,Verified Review,A380,Business,Business Class,Dubai to Casablanca,17-Jul,4,5,4,5,4,4,4,yes,United Arab Emirates,5
7/18/17,Verified Review,Boeing 777-300ER / A380-800,Family Leisure,Economy Class,Budapest to Kuala Lumpur via Dubai,17-May,5,5,5,5,4,5,5,yes,Romania,5
7/17/17,Verified Review,A380-800,Solo Leisure,Business Class,Sydney to Christchurch,17-Jul,5,4,3,4,2,3,5,yes,Australia,4
7/16/17,Verified Review,A380 / Boeing 777,Solo Leisure,First Class,Johannesburg to Larnaca via Dubai,17-Jun,5,5,5,5,5,5,5,yes,Cyprus,5
7/16/17,Verified Review,A380,Couple Leisure,Economy Class,Dubai to Sydney,17-Jul,3,1,1,3,1,4,3,no,Australia,2
7/13/17,Verified Review,A380,Couple Leisure,Economy Class,Munich to Bangkok via Dubai,17-Jul,3,2,3,4,3,1,2,no,Thailand,1
7/6/17,Verified Review,A380,Family Leisure,Business Class,London to Melbourne via Dubai,17-May,2,2,3,5,2,2,2,no,United Kingdom,2
7/5/17,Verified Review,A380,Couple Leisure,Economy Class,Bangkok to Manchester via Dubai,17-May,4,4,5,3,3,3,3,no,United Kingdom,3
7/5/17,Verified Review,A380-800,Solo Leisure,Business Class,Brisbane to Dubai,17-Jun,3,3,3,4,2,4,3,no,Australia,3
7/4/17,Verified Review,A380,Business,Economy Class,Dubai to Taipei,17-Jun,1,3,1,4,2,3,2,yes,United Arab Emirates,3
6/25/17,Verified Review,A380-800,Couple Leisure,Economy Class,Bangalore to San Francisco via Dubai,17-Jan,1,1,1,1,1,1,1,no,United States,1
6/9/17,Verified Review,Boeing 777-300ER,Family Leisure,Economy Class,Dubai to Hamburg,17-Apr,5,5,5,5,5,5,5,yes,Germany,5
6/7/17,Verified Review,A380,Business,Business Class,Amsterdam to Tokyo Narita via Dubai,17-Jun,5,5,5,5,4,5,5,yes,Belgium,5
5/27/17,Verified Review,Boeing 777-300ER,Solo Leisure,Economy Class,Chennai to Adelaide via Dubai,16-Jul,1,1,5,3,5,4,3,no,Australia,3
5/24/17,Verified Review,Boeing 777-300 ER,Solo Leisure,Economy Class,Mumbai to Boston via Dubai,17-Jan,4,5,4,5,4,5,4,yes,United States,5
5/15/17,Verified Review,A380-800,Couple Leisure,Economy Class,Taipei to Budapest via Dubai,17-May,5,5,5,5,5,4,5,yes,Hungary,5
5/13/17,Verified Review,A380-800,Family Leisure,Economy Class,Manchester to Dubai,17-May,5,5,4,5,3,4,5,yes,United Kingdom,5
5/10/17,Verified Review,Boeing 777-300ER,Solo Leisure,Economy Class,Dubai to Warsaw,17-May,4,1,3,3,1,1,1,no,Poland,1
4/28/17,Verified Review,A380,Solo Leisure,Business Class,Bangkok to Paris CDG via Dubai,17-Apr,3,3,3,4,3,5,3,yes,Brazil,3
4/24/17,Verified Review,A380,Solo Leisure,Economy Class,Gatwick to Perth via Dubai,16-Nov,5,5,5,5,5,5,5,yes,Ukraine,5
4/20/17,Verified Review,A380,Solo Leisure,Business Class,Hong Kong to Newcastle via Dubai,17-Apr,5,5,5,5,4,5,4,yes,United Kingdom,5
4/19/17,Verified Review,Boeing 777-300 ER,Business,Economy Class,Bangalore to Budapest via Dubai,16-Nov,5,5,5,5,3,4,4,yes,India,4
4/16/17,Verified Review,Boeing 777-300ER / A380,Business,Economy Class,Delhi to Amsterdam via Dubai,17-Apr,4,4,5,5,4,4,5,yes,India,4
4/14/17,Verified Review,A380 / Boeing 777,Solo Leisure,First Class,Hong Kong to Cairo via Dubai,17-Apr,5,5,5,5,4,5,4,yes,Hong Kong,5
3/30/17,Verified Review,A380,Solo Leisure,Economy Class,Bangkok to Hong Kong,17-Mar,4,5,4,5,2,1,4,yes,Hong Kong,3
3/27/17,Verified Review,Boeing 777-300,Couple Leisure,First Class,Dublin to Tokyo via Dubai,17-Mar,5,5,5,5,4,5,5,yes,United Kingdom,5
3/25/17,Verified Review,A380 / Boeing 777-300,Family Leisure,Economy Class,LGW to ISB via DXB,17-Mar,5,3,3,5,3,4,4,yes,United Kingdom,3
3/20/17,Verified Review,Boeing 777-300ER / A380,Couple Leisure,Business Class,Warsaw to Bangkok via Dubai,17-Mar,3,2,2,4,3,1,2,no,Poland,2
3/16/17,Verified Review,A380,Solo Leisure,First Class,Paris to Bangkok via Dubai,17-Mar,4,5,5,5,3,4,5,yes,Brazil,5
3/15/17,❎ Unverified,Boeing 777 / A380,Family Leisure,Business Class,Karachi to London via Dubai,17-Mar,5,2,1,5,1,5,1,no,Pakistan,3
3/10/17,Verified Review,A380,Solo Leisure,Economy Class,Gatwick to Manila via Dubai,17-Mar,3,3,2,4,2,1,3,no,United Kingdom,2
3/10/17,Verified Review,A380,Family Leisure,Business Class,Dubai to Manchester,17-Mar,5,5,5,5,5,4,5,yes,United Kingdom,5
3/7/17,Verified Review,A380,Business,Business Class,Taipei to London via Dubai,17-Feb,4,5,5,5,3,4,5,yes,United Kingdom,5
2/26/17,Verified Review,Boeing 777-300,Couple Leisure,Economy Class,Dubai to Dublin,17-Feb,4,5,4,5,4,4,5,yes,Ireland,5
2/26/17,Verified Review,A380,Family Leisure,Economy Class,Dubai to Brisbane,17-Feb,4,5,4,3,3,4,4,yes,Australia,5
2/18/17,Verified Review,A380,Couple Leisure,Economy Class,Munich to Beijing via Dubai,17-Jan,5,4,5,5,5,4,5,yes,Germany,5
2/18/17,Verified Review,Boeing 777-300ER,Solo Leisure,Business Class,Larnaca to Malta,17-Feb,4,3,3,5,5,3,4,yes,United States,3
2/17/17,Verified Review,"Boeing 777-300, A380",Couple Leisure,Economy Class,Glasgow to Auckland via Dubai,17-Jan,4,5,5,5,5,4,5,yes,United Kingdom,5
2/13/17,Verified Review,A380-800,Solo Leisure,Economy Class,Dubai to Zurich,17-Feb,5,5,4,5,4,4,5,yes,Switzerland,5
2/9/17,Verified Review,A380,Couple Leisure,Business Class,Brisbane to London via Dubai,17-Feb,4,4,4,5,1,3,4,yes,United Kingdom,4
2/8/17,Verified Review,Boeing 777-300ER,Couple Leisure,Economy Class,Warsaw to Hanoi via Dubai,17-Jan,4,4,4,4,4,4,4,yes,Poland,4
2/6/17,Verified Review,A380,Family Leisure,Economy Class,Rome to Dubai,17-Jan,5,4,5,5,5,4,5,yes,Italy,5
1/30/17,Verified Review,A380,Solo Leisure,Business Class,Brisbane to Auckland,17-Jan,5,5,5,5,5,5,5,yes,Australia,5
1/16/17,Verified Review,A380,Couple Leisure,Business Class,LGW to BNE via DXB,17-Jan,4,3,3,5,1,1,4,yes,United Kingdom,3
1/15/17,Verified Review,A380,Family Leisure,Economy Class,SAV to COK via DXB / JFK,16-Jul,3,4,3,4,3,1,3,no,United States,1
1/13/17,Verified Review,A380,Family Leisure,Economy Class,BHX to DXB,17-Jan,1,1,1,2,1,1,1,no,United Kingdom,1
1/11/17,Verified Review,A380,Solo Leisure,Business Class,BKK to DXB,17-Jan,4,5,4,5,4,4,4,yes,Hong Kong,5
1/9/17,Verified Review,A380-800,Solo Leisure,Economy Class,HYD to LHR via DXB,16-Dec,3,4,3,4,2,3,3,yes,United Kingdom,2
1/7/17,Verified Review,A380,Solo Leisure,First Class,LGW to PER via DXB,17-Jan,5,5,4,5,3,5,5,yes,United Kingdom,5
12/27/16,Verified Review,Boeing 777-300ER,Solo Leisure,First Class,DXB to KWI,16-Dec,5,5,1,5,1,3,2,no,Kuwait,2
12/26/16,Verified Review,A380,Couple Leisure,Business Class,BOM to LHR via DXB,16-Nov,4,3,3,3,1,2,3,no,United Kingdom,3
12/7/16,Verified Review,Boeing 777 / A380,Couple Leisure,Business Class,DXB to BKK via HKG,16-Dec,2,1,2,3,1,3,2,no,Germany,1
12/7/16,Verified Review,Boeing 777-300,Couple Leisure,Economy Class,BOS to HYD via DXB,16-Dec,2,2,2,1,1,3,2,no,India,2
11/26/16,Verified Review,A380-800,Couple Leisure,Economy Class,LGW to MRU via DXB,16-Nov,5,5,5,5,5,5,5,yes,United Kingdom,5
11/25/16,Verified Review,Boeing 777-300ER / 777-200LR,Business,Business Class,DEL to GRU via DXB,16-Nov,4,4,4,5,5,5,5,yes,India,4
11/15/16,Verified Review,A380,Business,Economy Class,JFK to CAN via DXB,16-Oct,4,2,1,3,1,4,3,yes,United States,3
11/14/16,Verified Review,A380,Business,Business Class,MEL to AKL,16-Aug,5,5,5,5,3,4,4,yes,Australia,5
11/12/16,Verified Review,A380,Couple Leisure,Economy Class,DXB to LHR,16-Nov,4,4,4,5,4,4,5,yes,United Kingdom,5
11/12/16,Verified Review,A380,Business,Economy Class,MAN to DXB,16-Oct,1,1,2,5,2,3,3,no,United Kingdom,1
11/11/16,Verified Review,A380,Business,Economy Class,SIN to LHR via SYD,16-Nov,4,4,3,1,4,3,4,yes,Australia,4
10/30/16,Verified Review,Boeing 777-300ER,Business,Business Class,DFW to BLR via DXB,16-Oct,1,4,3,2,3,4,1,no,United States,1
10/20/16,Verified Review,Boeing 777-300ER,Couple Leisure,Economy Class,DXB to WAW,16-Oct,2,1,2,4,4,4,3,no,Poland,3
10/20/16,Verified Review,A380,Business,First Class,DXB to LHR,16-Oct,5,5,3,5,4,4,4,yes,United Arab Emirates,5
10/20/16,Verified Review,A380,Business,Business Class,IAD to DXB,16-Oct,5,5,3,5,5,4,3,yes,United Arab Emirates,5
10/19/16,Verified Review,A380,Business,Business Class,IAD to DXB,16-Oct,5,4,4,5,5,4,3,yes,United Arab Emirates,4
10/19/16,Verified Review,Boeing 777 and A380,Business,Business Class,BLR to SFO via DXB,16-Jan,5,5,4,5,2,5,4,yes,United States,4
10/18/16,Verified Review,A380,Business,Business Class,CAN to LHR via DXB,16-Oct,2,5,3,3,3,5,3,no,United Kingdom,3
10/14/16,Verified Review,A380,Solo Leisure,Economy Class,MXP to JFK,16-Oct,5,5,5,5,5,5,5,yes,Slovenia,5
10/12/16,Verified Review,Boeing 777-300,Couple Leisure,Business Class,JNB to DXB,16-Oct,5,5,5,4,5,4,5,yes,New Zealand,4
10/10/16,Verified Review,A380,Business,Business Class,BKK to HKG,16-Sep,4,4,4,5,5,4,5,yes,Belgium,5
10/7/16,Verified Review,Boeing 777-300ER / A380,Couple Leisure,Economy Class,GLA to MEL via DXB,16-Sep,3,3,4,5,3,3,5,yes,United Kingdom,4
10/4/16,Verified Review,A380,Business,Business Class,LGW to BLR via DXB,16-Sep,3,1,1,1,1,1,1,no,United Kingdom,1
9/28/16,Verified Review,A380,Solo Leisure,Economy Class,LGW to DXB,16-Sep,5,1,3,5,5,5,4,yes,United Kingdom,5
9/25/16,Verified Review,Boeing 777-300ER,Business,Business Class,DEL to GRU via DXB,16-Sep,4,4,5,5,5,4,5,yes,India,4
9/24/16,Verified Review,Boeing 777,Solo Leisure,Economy Class,PEK to DXB,16-Aug,4,5,4,5,5,4,5,yes,China,5
9/20/16,Verified Review,Boeing 777-300ER,Solo Leisure,Business Class,DOH to BKK via DXB,16-Sep,5,5,5,4,3,5,5,yes,Qatar,5
9/19/16,Verified Review,A380,Couple Leisure,Business Class,MRU to DXB,16-Sep,4,1,1,5,4,5,2,no,United Kingdom,1
9/19/16,Verified Review,A380,Couple Leisure,Economy Class,DXB to LHR,16-Sep,2,2,3,3,3,2,2,no,United Arab Emirates,2
9/19/16,Verified Review,A380,Solo Leisure,Economy Class,JED to BKK via DXB,16-Sep,5,4,5,5,4,5,5,yes,Saudi Arabia,5
9/18/16,Verified Review,A380-800,Family Leisure,Business Class,MXP to JFK,16-Aug,5,5,5,5,3,5,5,yes,Italy,5
9/6/16,Verified Review,Boeing 777 / A380,Couple Leisure,Economy Class,BKK to BHX via DXB,16-Sep,4,1,1,5,4,1,3,no,United Kingdom,2
9/4/16,Verified Review,Boeing 777-300,Couple Leisure,Economy Class,WAW to BNE via DXB,16-Sep,4,5,5,5,3,3,4,yes,Australia,5
8/29/16,Verified Review,A380,Family Leisure,Economy Class,DUS to MRU via DXB,16-Aug,4,5,5,5,4,4,5,yes,Belgium,5
8/29/16,Verified Review,A380,Business,Business Class,DXB to JFK,16-Aug,4,2,2,4,2,5,4,yes,United States,4
8/28/16,Verified Review,Boeing 777-300 / A380,Couple Leisure,Economy Class,BHX to CMB via DXB,16-Aug,1,1,2,3,2,1,1,no,United Kingdom,1
8/26/16,Verified Review,A380,Solo Leisure,First Class,CPT to LHR via DXB,16-Aug,5,5,5,4,4,5,5,yes,United Kingdom,5
8/24/16,Verified Review,Boeing 777-300,Solo Leisure,Business Class,GIG to EZE,16-Aug,3,4,2,2,1,2,3,no,Brazil,3
8/17/16,Verified Review,A380,Family Leisure,Economy Class,MRU to JED via DXB,15-Dec,5,5,5,5,5,5,5,yes,Mauritius,5
8/14/16,Verified Review,A380,Couple Leisure,Business Class,DXB to BKK,16-Jul,5,3,2,5,3,4,4,yes,Singapore,4
8/10/16,Verified Review,A380,Business,Economy Class,DXB to JED,16-Aug,4,4,4,5,4,3,3,yes,United Arab Emirates,4
8/8/16,Verified Review,A380-800,Couple Leisure,Economy Class,AMS to DAR via DXB,16-Aug,4,1,2,4,1,1,2,no,Netherlands,2
8/7/16,Verified Review,A380-800,Solo Leisure,Business Class,LHR to BKK via DXB,15-Sep,5,5,5,4,4,5,4,yes,United Kingdom,5
8/7/16,Verified Review,A380,Business,Economy Class,Manchester to Dubai,16-Aug,3,1,1,4,3,1,3,yes,United Kingdom,1
8/7/16,Verified Review,A380,Solo Leisure,Business Class,LGW to BNE via DXB,16-Aug,4,3,1,2,2,1,1,no,Australia,1
8/7/16,Verified Review,A380,Solo Leisure,Economy Class,BOM to AMS via DXB,16-Jul,3,1,4,5,1,1,3,no,India,2
8/4/16,Verified Review,Boeing 777-300,Solo Leisure,Economy Class,DXB to NRT,16-Jul,1,2,1,4,5,2,1,no,Netherlands,2
7/24/16,Verified Review,Boeing 777-300,Family Leisure,Business Class,CHC to SYD,16-Jul,5,4,4,5,4,5,5,yes,Indonesia,5
7/24/16,Verified Review,Boeing 777,Business,Business Class,DXB to BKK,16-Jul,3,5,2,4,4,5,3,yes,Thailand,4
7/19/16,Verified Review,A380 / Boeing 777-300ER,Couple Leisure,Business Class,MAN to KUL via DXB,16-Jul,5,5,5,5,3,5,5,yes,United Kingdom,5
7/16/16,Verified Review,A380 /  Boeing 777,Solo Leisure,Economy Class,FRA to BOM via DXB,16-Mar,5,5,4,5,5,5,5,yes,Germany,5
7/14/16,Verified Review,A380,Solo Leisure,Economy Class,ZRH to DXB,16-May,5,5,5,5,5,5,5,yes,United Arab Emirates,5
7/14/16,Verified Review,A380,Solo Leisure,First Class,SYD to DXB,16-Mar,5,5,4,5,5,5,5,yes,Australia,5
7/11/16,Verified Review,Boeing 777-300,Solo Leisure,Economy Class,DXB to MLA via TUN,16-Jul,2,2,2,2,2,2,2,yes,Malta,3
7/8/16,Verified Review,A380,Business,Business Class,CDG to DXB,16-Jun,5,5,5,5,2,3,4,yes,France,5
7/5/16,Verified Review,A380,Couple Leisure,Economy Class,DMM to YYZ via DXB,16-Jun,5,4,5,5,3,4,5,yes,Saudi Arabia,5
6/24/16,Verified Review,A380-800 / Boeing 777-3ER,Solo Leisure,Economy Class,JFK to NBO via DXB,16-Jun,4,3,4,5,4,5,5,yes,Kenya,5
6/16/16,Verified Review,Boeing 777 / A380,Couple Leisure,Business Class,LHR to DPS via DXB,16-Jun,2,5,1,1,1,1,2,no,United Kingdom,1
6/13/16,Verified Review,A380,Solo Leisure,Economy Class,MAN to MRU via DXB,16-Jun,5,5,5,5,3,5,5,yes,United Kingdom,5
6/9/16,Verified Review,A380,Business,First Class,AMS to DXB,16-Jun,5,2,4,5,5,3,4,yes,Belgium,4
5/29/16,Verified Review,Boeing 777,Family Leisure,Economy Class,KUL to DXB to CMN,16-May,4,4,3,4,4,4,4,yes,Malaysia,4
5/29/16,Verified Review,A380,Business,Business Class,BKK to HKG,16-May,3,1,3,4,2,2,2,no,Thailand,2
5/11/16,Verified Review,Boeing 777-300,Business,Business Class,DXB to PVG,16-May,4,2,4,5,3,1,3,no,India,3
5/11/16,Verified Review,Airbus A380,Couple Leisure,Economy Class,MAN to MRU via DXB,16-May,4,3,3,3,2,3,3,yes,United Kingdom,4
5/6/16,Verified Review,A380,Solo Leisure,Economy Class,MRU to CAN via DXB,16-Mar,3,4,3,3,4,1,3,yes,Mauritius,3
4/28/16,Verified Review,A380-800,Solo Leisure,Business Class,LGW to MRU via DXB,16-Mar,5,5,5,5,4,5,5,yes,United Kingdom,5
4/25/16,Verified Review,A380,Family Leisure,Economy Class,DXB to HKG via BKK,16-Apr,1,2,1,2,2,1,1,no,United Arab Emirates,1
4/15/16,Verified Review,A380,Couple Leisure,Economy Class,LHR to SYD via DXB,16-Mar,5,5,5,5,5,5,5,yes,Australia,5
4/14/16,Verified Review,A380,Solo Leisure,Economy Class,HND to CDG via DXB,16-Apr,3,3,3,4,4,1,1,no,United Kingdom,1
4/13/16,Verified Review,A380,Solo Leisure,Economy Class,YYZ to TRV via DXB,15-Nov,4,2,3,4,4,1,2,no,Canada,1
4/13/16,Verified Review,A380,Solo Leisure,Business Class,HKG to MAD via DXB,16-Apr,4,5,5,5,4,5,5,yes,Thailand,5
4/7/16,Verified Review,A380-800 and Boeing 777-300,Family Leisure,Business Class,LGW to HKT via DXB,16-Apr,5,5,5,5,4,3,4,yes,United Kingdom,5
3/30/16,Verified Review,A380,Solo Leisure,Business Class,MXP to JFK,16-Mar,4,5,4,4,4,4,4,yes,Italy,5
3/25/16,Verified Review,A380,Solo Leisure,Economy Class,LHR to MEL via DXB,16-Mar,2,3,2,5,1,5,4,no,United Kingdom,2
3/25/16,Verified Review,Boeing 777,Solo Leisure,Economy Class,CMN to CMB via DXB/MLE,16-Mar,5,3,5,5,5,4,4,yes,Sri Lanka,4
3/24/16,Verified Review,A380,Solo Leisure,Economy Class,SIN to DXB,15-Sep,5,5,4,5,5,5,5,yes,Singapore,5